ZipCode,StateName,City,CountyName
85044,Arizona,Phoenix,Maricopa
85017,Arizona,Phoenix,Maricopa
85282,Arizona,Tempe,Maricopa
85381,Arizona,Peoria,Maricopa
85204,Arizona,Mesa,Maricopa
85034,Arizona,Phoenix,Maricopa
85022,Arizona,Phoenix,Maricopa
85086,Arizona,Phoenix,Maricopa
85260,Arizona,Scottsdale,Maricopa
85331,Arizona,Cave creek,Maricopa
85379,Arizona,Zcta 85379,Maricopa
85016,Arizona,Phoenix,Maricopa
85054,Arizona,Phoenix,Maricopa
85301,Arizona,Glendale,Maricopa
85207,Arizona,Mesa,Maricopa
85201,Arizona,Mesa,Maricopa
85032,Arizona,Phoenix,Maricopa
85258,Arizona,Scottsdale,Maricopa
85035,Arizona,Phoenix,Maricopa
85257,Arizona,Scottsdale,Maricopa
85013,Arizona,Phoenix,Maricopa
85302,Arizona,Glendale,Maricopa
85210,Arizona,Mesa,Maricopa
85345,Arizona,Peoria,Maricopa
85233,Arizona,Gilbert,Maricopa
85234,Arizona,Gilbert,Maricopa
85212,Arizona,Mesa,Maricopa
85040,Arizona,Phoenix,Maricopa
85051,Arizona,Phoenix,Maricopa
85029,Arizona,Phoenix,Maricopa
85048,Arizona,Phoenix,Maricopa
85226,Arizona,Chandler,Maricopa
85050,Arizona,Phoenix,Maricopa
85027,Arizona,New river stage,Maricopa
85281,Arizona,Tempe,Maricopa
85004,Arizona,Phoenix,Maricopa
85008,Arizona,Phoenix,Maricopa
85018,Arizona,Phoenix,Maricopa
85009,Arizona,Phoenix,Maricopa
85015,Arizona,Phoenix,Maricopa
85339,Arizona,Laveen,Maricopa
85255,Arizona,Scottsdale,Maricopa
85268,Arizona,Fountain hills,Maricopa
85248,Arizona,Sun lakes,Maricopa
85382,Arizona,Peoria,Maricopa
85033,Arizona,Phoenix,Maricopa
85251,Arizona,Scottsdale,Maricopa
85215,Arizona,Mesa,Maricopa
85306,Arizona,Glendale,Maricopa
85323,Arizona,Avondale,Maricopa
85224,Arizona,Chandler,Maricopa
85373,Arizona,Sun city,Maricopa
85262,Arizona,Scottsdale,Maricopa
85019,Arizona,Phoenix,Maricopa
85023,Arizona,Phoenix,Maricopa
85308,Arizona,Glendale,Maricopa
85340,Arizona,Litchfield park,Maricopa
85374,Arizona,Surprise,Maricopa
85253,Arizona,Paradise valley,Maricopa
85335,Arizona,El mirage,Maricopa
85254,Arizona,Scottsdale,Maricopa
85202,Arizona,Mesa,Maricopa
85351,Arizona,Sun city,Maricopa
85283,Arizona,Tempe,Maricopa
85006,Arizona,Phoenix,Maricopa
85203,Arizona,Mesa,Maricopa
85304,Arizona,Glendale,Maricopa
85310,Arizona,Glendale,Maricopa
85014,Arizona,Phoenix,Maricopa
85249,Arizona,Chandler,Maricopa
85085,Arizona,Phoenix,Maricopa
85021,Arizona,Phoenix,Maricopa
85225,Arizona,Chandler,Maricopa
85031,Arizona,Phoenix,Maricopa
85296,Arizona,Gilbert,Maricopa
85206,Arizona,Mesa,Maricopa
85003,Arizona,Phoenix,Maricopa
85250,Arizona,Scottsdale,Maricopa
85053,Arizona,Phoenix,Maricopa
85213,Arizona,Mesa,Maricopa
85020,Arizona,Phoenix,Maricopa
85338,Arizona,Goodyear,Maricopa
85028,Arizona,Phoenix,Maricopa
85012,Arizona,Phoenix,Maricopa
85037,Arizona,Phoenix,Maricopa
85353,Arizona,Tolleson,Maricopa
85305,Arizona,Glendale,Maricopa
85284,Arizona,Tempe,Maricopa
85007,Arizona,Phoenix,Maricopa
85259,Arizona,Scottsdale,Maricopa
85087,Arizona,Zcta 85087,Maricopa
85205,Arizona,Mesa,Maricopa
85375,Arizona,Sun city west,Maricopa
85303,Arizona,Glendale,Maricopa
85043,Arizona,Phoenix,Maricopa
85256,Arizona,Scottsdale,Maricopa
90001,California,Los angeles,Los Angeles
85208,Arizona,Mesa,Maricopa
85363,Arizona,Youngtown,Maricopa
91020,California,Montrose,Los Angeles
85024,Arizona,Phoenix,Maricopa
85045,Arizona,Phoenix,Maricopa
71701,Arkansas,East camden,Ouachita
85236,Arizona,Higley,Maricopa
85041,Arizona,Phoenix,Maricopa
71638,Arkansas,Dermott,Chicot
85307,Arizona,Luke afb,Maricopa
71642,Arkansas,Fountain hill,Ashley
85324,Arizona,Rock springs,Yavapai
85355,Arizona,Waddell,Maricopa
85328,Arizona,Cibola,La Paz
85264,Arizona,Fort mcdowell,Maricopa
94066,California,San bruno,San Mateo
90210,California,Beverly hills,Los Angeles
85545,Arizona,Roosevelt,Gila
94565,California,Shore acres,Contra Costa
71640,Arkansas,Eudora,Chicot
85242,Arizona,Arizona boys ran,Maricopa
93013,California,Carpinteria,Santa Barbara
85347,Arizona,Roll,Yuma
94901,California,San rafael,Marin
85232,Arizona,Florence,Pinal
71665,Arkansas,Rison,Cleveland
72202,Arkansas,Little rock,Pulaski
85705,Arizona,Tucson,Pima
93449,California,Shell beach,San Luis Obispo
85326,Arizona,Buckeye,Maricopa
86023,Arizona,Grand canyon,Coconino
93612,California,Clovis,Fresno
71854,Arkansas,Zcta 71854,Miller
72041,Arkansas,De valls bluff,Prairie
85223,Arizona,Arizona city,Pinal
85337,Arizona,Gila bend,Maricopa
85935,Arizona,Pinetop,Navajo
92585,California,Romoland,Riverside
85541,Arizona,Payson,Gila
91205,California,Glendale,Los Angeles
90720,California,Rossmoor,Orange
85361,Arizona,Wittmann,Maricopa
85237,Arizona,Kearny,Pinal
85354,Arizona,Tonopah,Maricopa
85329,Arizona,Cashion,Maricopa
92328,California,Death valley,Inyo
92832,California,Zcta 92832,Orange
85235,Arizona,Hayden,Gila
95224,California,Avery,Calaveras
95966,California,Oroville,Butte
91950,California,National city,San Diego
85309,Arizona,Luke afb,Maricopa
92008,California,Carlsbad,San Diego
15120,Pennsylvania,Munhall,Allegheny
44035,Ohio,Elyria,Lorain
15236,Pennsylvania,Caste village,Allegheny
53703,Wisconsin,Madison,Dane
89101,Nevada,Las vegas,Clark
28104,North carolina,Zcta 28104,Union
89120,Nevada,Las vegas,Clark
44113,Ohio,Cleveland,Cuyahoga
44115,Ohio,Cleveland,Cuyahoga
44212,Ohio,Brunswick,Medina
28083,North carolina,Kannapolis,Cabarrus
85298,,,
15231,,,
70327,,,
89044,,,
70374,Louisiana,Lockport,Lafourche Parish
15220,Pennsylvania,Parkway center,Allegheny
70771,,,
70565,,,
70469,,,
29715,South carolina,Tega cay,York
85066,,,
89138,,,
28284,,,
15214,Pennsylvania,Observatory,Allegheny
44286,Ohio,Richfield,Summit
61873,Illinois,Saint joseph,Champaign
61826,,,
77384,Texas,Conroe,Montgomery
15225,Pennsylvania,Neville island,Allegheny
44072,Ohio,Novelty,Geauga
85052,,,
08054,New jersey,Mount laurel,Burlington
71696,,,
73765,,,
28123,,,
70439,,,
70272,,,
89040,Nevada,Overton,Clark
15026,Pennsylvania,Clinton,Beaver
73733,Oklahoma,Douglas,Garfield
28026,,,
85082,,,
53529,Wisconsin,Dane,Dane
53792,,,
15086,Pennsylvania,Warrendale,Allegheny
28228,,,
44199,,,
89184,,,
44258,,,
68161,,,
82595,,,
61840,Illinois,Dewey,Champaign
28202,North carolina,Charlotte,Mecklenburg
89102,Nevada,Las vegas,Clark
89107,Nevada,Las vegas,Clark
44128,Ohio,Cleveland,Cuyahoga
28078,North carolina,Cornelius,Mecklenburg
70794,,,
70190,,,
53716,Wisconsin,Monona,Dane
89146,Nevada,Zcta 89146,Clark
44127,Ohio,Cleveland,Cuyahoga
44129,Ohio,Parma,Cuyahoga
89002,,,
44054,Ohio,Sheffield lake,Lorain
44001,Ohio,South amherst,Lorain
53593,Wisconsin,Verona,Dane
61856,Illinois,Monticello,Piatt
44131,Ohio,Independence,Cuyahoga
85060,,,
44141,Ohio,Brecksville,Cuyahoga
44119,Ohio,Cleveland,Cuyahoga
85120,,,
28280,,,
15024,Pennsylvania,Cheswick,Allegheny
44255,Ohio,Mantua,Portage
89003,Nevada,Beatty,Nye
44040,Ohio,Gates mills,Cuyahoga
45612,Ohio,Bainbridge,Ross
44050,Ohio,Lagrange,Lorain
80078,,,
10173,New york,New york,New York
28803,North carolina,Asheville,Buncombe
73269,,,
15133,Pennsylvania,Mc keesport,Allegheny
15057,Pennsylvania,Mc donald,Washington
28074,,,
30966,,,
89173,,,
15270,,,
85396,,,
15260,,,
53744,,,
53707,,,
15082,Pennsylvania,Sturgeon,Allegheny
15067,Pennsylvania,New eagle,Washington
44038,,,
89181,,,
15134,,,
29203,South carolina,Columbia,Richland
89126,,,
89119,Nevada,Las vegas,Clark
44145,Ohio,Westlake,Cuyahoga
44236,Ohio,Hudson,Summit
15146,Pennsylvania,Monroeville,Allegheny
28210,North carolina,Charlotte,Mecklenburg
85388,,,
44143,Ohio,Richmond heights,Cuyahoga
85377,,,
89110,Nevada,Las vegas,Clark
44112,Ohio,East cleveland,Cuyahoga
89054,,,
44321,Ohio,Copley,Summit
15063,Pennsylvania,Monongahela,Washington
15227,Pennsylvania,Brentwood,Allegheny
85312,,,
29204,South carolina,Columbia,Richland
44065,Ohio,Newbury,Geauga
85106,,,
53521,Wisconsin,Brooklyn,Dane
85385,,,
44103,Ohio,Cleveland,Cuyahoga
89155,,,
70329,,,
15030,Pennsylvania,Creighton,Allegheny
15144,Pennsylvania,Springdale,Allegheny
15275,,,
85343,,,
44262,Ohio,Munroe falls,Summit
53515,Wisconsin,Black earth,Dane
15688,Pennsylvania,Tarrs,Westmoreland
61803,,,
61864,Illinois,Philo,Champaign
15632,Pennsylvania,Export,Westmoreland
29716,,,
1636,,,
85246,,,
66606,Kansas,Topeka,Shawnee
85216,,,
44046,Ohio,Huntsburg,Geauga
85036,,,
89193,,,
22367,,,
15038,Pennsylvania,Elrama,Washington
28053,,,
89410,Nevada,Gardnerville,Douglas
43714,,,
61878,Illinois,Thomasboro,Champaign
85274,,,
89014,Nevada,Henderson,Clark
28205,North carolina,Charlotte,Mecklenburg
61820,Illinois,Champaign,Champaign
44240,Ohio,Kent,Portage
15223,Pennsylvania,Etna,Allegheny
89032,Nevada,North las vegas,Clark
89015,Nevada,Henderson,Clark
44333,Ohio,Fairlawn,Summit
44023,Ohio,Chagrin falls,Geauga
15213,Pennsylvania,Oakland,Allegheny
89144,Nevada,Zcta 89144,Clark
28012,North carolina,Belmont,Gaston
28278,North carolina,Charlotte,Mecklenburg
44121,Ohio,South euclid,Cuyahoga
15202,Pennsylvania,Bellevue,Allegheny
89053,,,
70182,,,
89191,Nevada,Nellis a f b,Clark
71632,,,
70839,,,
70191,,,
44028,Ohio,Columbia station,Lorain
44117,Ohio,Euclid,Cuyahoga
15367,Pennsylvania,Venetia,Washington
28256,,,
71101,Louisiana,Shreveport,Caddo Parish
85067,,,
70806,Louisiana,Baton rouge,East Baton Rouge Parish
2480000,,,
85118,,,
85269,,,
28271,,,
44334,,,
89132,,,
89162,,,
15301,Pennsylvania,Washington,Washington
89137,,,
61919,Illinois,Camargo,Douglas
71282,Louisiana,Mound,Madison Parish
15031,Pennsylvania,Cuddy,Allegheny
44211,,,
81058,Colorado,Manzanola,Otero
71637,,,
28106,,,
15290,,,
28451,North carolina,Leland,Brunswick
43336,Ohio,Middleburg,Logan
29707,,,
89109,Nevada,Las vegas,Clark
28209,North carolina,Charlotte,Mecklenburg
15071,Pennsylvania,Noblestown,Allegheny
44116,Ohio,Rocky river,Cuyahoga
89148,Nevada,Zcta 89148,Clark
15102,Pennsylvania,Bethel park,Allegheny
89142,Nevada,Zcta 89142,Clark
15203,Pennsylvania,Carson,Allegheny
89147,Nevada,Zcta 89147,Clark
44056,Ohio,Macedonia,Summit
15233,Pennsylvania,Kilbuck,Allegheny
70597,,,
89115,Nevada,Las vegas,Clark
28164,North carolina,Stanley,Gaston
28273,North carolina,Charlotte,Mecklenburg
70435,Louisiana,Zcta 70435,St. Tammany Parish
71254,Louisiana,Lake providence,East Carroll Parish
28208,North carolina,Charlotte,Mecklenburg
70372,Louisiana,Labadieville,Assumption Parish
15034,Pennsylvania,Dravosburg,Allegheny
15017,Pennsylvania,Bridgeville,Allegheny
32258,Florida,Jacksonville,Duval
15147,Pennsylvania,Verona,Allegheny
85083,,,
89084,,,
71384,,,
85064,,,
88901,,,
28098,North carolina,Lowell,Gaston
89009,,,
70192,,,
44105,Ohio,Cleveland,Cuyahoga
39307,Mississippi,Meridian,Lauderdale
88031,,,
19401,Pennsylvania,Norristown,Montgomery
85285,,,
28282,,,
15949,Pennsylvania,Robinson,Indiana
71334,Louisiana,Frogmore,Concordia Parish
70569,,,
89105,,,
70761,Louisiana,Norwood,East Feliciana Parish
53701,,,
44319,Ohio,Akron,Summit
88905,,,
15250,,,
85275,,,
15277,,,
85076,,,
15091,,,
28281,,,
15678,Pennsylvania,Rillton,Westmoreland
44036,,,
15012,Pennsylvania,Rostraver,Westmoreland
15009,Pennsylvania,Beaver,Beaver
28658,North carolina,Newton,Catawba
12958,New york,Mooers,Clinton
41076,Kentucky,Newport,Campbell
19301,Pennsylvania,Paoli,Chester
27377,North carolina,Whitsett,Guilford
85122,,,
85286,,,
89108,Nevada,Las vegas,Clark
44070,Ohio,North olmsted,Cuyahoga
85271,,,
70193,,,
44017,Ohio,Berea,Cuyahoga
28207,North carolina,Charlotte,Mecklenburg
61853,Illinois,Mahomet,Champaign
89136,,,
44123,Ohio,Shore,Cuyahoga
28075,North carolina,Harrisburg,Cabarrus
44142,Ohio,Brookpark,Cuyahoga
89135,Nevada,Las vegas,Clark
15642,Pennsylvania,North huntingdon,Westmoreland
71636,,,
44095,Ohio,Willowick,Lake
53717,Wisconsin,Madison,Dane
85378,,,
15215,Pennsylvania,Aspinwall,Allegheny
44146,Ohio,Bedford,Cuyahoga
44138,Ohio,Olmsted falls,Cuyahoga
53774,,,
28054,North carolina,Gastonia,Gaston
15234,Pennsylvania,Castle shannon,Allegheny
85266,,,
44280,Ohio,Valley city,Medina
70197,,,
70184,,,
15143,Pennsylvania,Sewickley,Allegheny
28233,,,
44012,Ohio,Avon lake,Lorain
15243,Pennsylvania,Cedarhurst,Allegheny
44253,Ohio,Litchfield,Medina
53508,Wisconsin,Belleville,Dane
44132,Ohio,Noble,Cuyahoga
44234,Ohio,Hiram,Portage
15046,Pennsylvania,Glenwillard,Allegheny
85061,,,
73734,Oklahoma,Dover,Kingfisher
19362,Pennsylvania,Nottingham,Chester
28244,,,
30100,,,
85072,,,
02224,,,
85138,,,
28247,,,
28255,,,
71067,Louisiana,Princeton,Bossier Parish
53176,Wisconsin,Springfield,Walworth
48161,Michigan,Detroit beach,Monroe
28234,,,
72649,,,
27262,North carolina,High point,Guilford
84295,,,
28222,,,
85214,,,
78579,Texas,Progreso,Hidalgo
53213,Wisconsin,Wauwatosa,Milwaukee
15240,,,
85010,,,
07141,,,
61802,Illinois,Zcta 61802,Champaign
85001,,,
89012,Nevada,Henderson,Clark
89145,Nevada,Zcta 89145,Clark
44094,Ohio,Willoughby,Lake
44114,Ohio,Cleveland,Cuyahoga
15226,Pennsylvania,Brookline,Allegheny
89052,Nevada,Zcta 89052,Clark
15228,Pennsylvania,Mount lebanon,Allegheny
61821,Illinois,Champaign,Champaign
44125,Ohio,Garfield heights,Cuyahoga
44011,Ohio,Avon,Lorain
15289,,,
28212,North carolina,Charlotte,Mecklenburg
53589,Wisconsin,Stoughton,Dane
89133,,,
44122,Ohio,Beachwood,Cuyahoga
71032,Louisiana,Grand cane,De Soto Parish
28263,,,
61854,Illinois,Mansfield,Piatt
53713,Wisconsin,Fitchburg,Dane
44202,Ohio,Reminderville,Portage
44233,Ohio,Hinckley,Medina
53558,Wisconsin,Mc farland,Dane
15209,Pennsylvania,Millvale,Allegheny
85311,,,
89077,,,
89143,Nevada,Zcta 89143,Clark
85252,,,
89161,,,
71065,Louisiana,Pleasant hill,Sabine Parish
44178,,,
15055,Pennsylvania,Lawrence,Washington
89434,Nevada,Sparks,Washoe
89140,,,
70713,,,
89151,,,
53419,,,
27536,North carolina,Henderson,Vance
44320,Ohio,Akron,Summit
28101,North carolina,Mc adenville,Gaston
23554,,,
70134,,,
15035,Pennsylvania,East mc keesport,Allegheny
18447,Pennsylvania,Olyphant,Lackawanna
88113,New mexico,Causey,Roosevelt
15127,,,
85394,,,
28036,North carolina,Cornelius,Mecklenburg
53704,Wisconsin,Madison,Dane
89103,Nevada,Las vegas,Clark
28270,North carolina,Charlotte,Mecklenburg
70173,,,
15217,Pennsylvania,Squirrel hill,Allegheny
15238,Pennsylvania,Blawnox,Allegheny
28226,North carolina,Charlotte,Mecklenburg
15137,Pennsylvania,North versailles,Allegheny
70180,,,
44109,Ohio,Cleveland,Cuyahoga
70499,,,
89139,Nevada,Las vegas,Clark
15636,Pennsylvania,Harrison city,Westmoreland
85299,,,
15116,Pennsylvania,Glenshaw,Allegheny
85142,,,
77056,Texas,Houston,Harris
44062,Ohio,Middlefield,Geauga
28730,North carolina,Fairview,Buncombe
70199,,,
15261,,,
53885,,,
85327,,,
12200,,,
61849,Illinois,Homer,Champaign
35715,,,
09544,,,
85030,,,
85002,,,
05452,Vermont,Essex junction,Chittenden
15339,,,
15317,Pennsylvania,Mc murray,Washington
89122,Nevada,Las vegas,Clark
28031,North carolina,Cornelius,Mecklenburg
28105,North carolina,Stallings,Mecklenburg
89121,Nevada,Las vegas,Clark
89118,Nevada,Las vegas,Clark
89011,Nevada,Henderson,Clark
85370,,,
28277,North carolina,Charlotte,Mecklenburg
89130,Nevada,Las vegas,Clark
85383,,,
89169,,,
85387,,,
44134,Ohio,Parma,Cuyahoga
28081,North carolina,Kannapolis,Cabarrus
89134,Nevada,Las vegas,Clark
44102,Ohio,Cleveland,Cuyahoga
73728,Oklahoma,Cherokee,Alfalfa
70629,,,
15037,Pennsylvania,Elizabeth,Allegheny
15239,Pennsylvania,Plum,Allegheny
15003,Pennsylvania,Fairoaks,Beaver
15129,Pennsylvania,Library,Allegheny
44092,Ohio,Wickliffe,Lake
15085,Pennsylvania,Level green,Westmoreland
44104,Ohio,Cleveland,Cuyahoga
06632,,,
28288,,,
15204,Pennsylvania,Corliss,Allegheny
44195,,,
60686,,,
27278,North carolina,Hillsborough,Orange
28266,,,
53702,,,
85243,,,
87701,New mexico,Las vegas,San Miguel
8967,,,
28625,North carolina,Zcta 28625,Iredell
15064,Pennsylvania,Morgan,Allegheny
85261,,,
49808,Michigan,Big bay,Marquette
44237,,,
28253,,,
15088,Pennsylvania,West elizabeth,Allegheny
61844,Illinois,Fithian,Vermilion
22827,Virginia,Elkton,Rockingham
68451,,,
18922,,,
85395,,,
44308,Ohio,Akron,Summit
89117,Nevada,Las vegas,Clark
44223,Ohio,Cuyahoga falls,Summit
44139,Ohio,Solon,Cuyahoga
15222,Pennsylvania,Downtown,Allegheny
15108,Pennsylvania,Moon twp,Allegheny
89129,Nevada,Las vegas,Clark
89104,Nevada,Las vegas,Clark
89006,,,
28227,North carolina,Charlotte,Mecklenburg
15210,Pennsylvania,Mount oliver,Allegheny
71229,Louisiana,Collinston,Morehouse Parish
15208,Pennsylvania,Homewood,Allegheny
15237,Pennsylvania,Mc knight,Allegheny
15148,Pennsylvania,Wall,Allegheny
15219,Pennsylvania,Uptown,Allegheny
71034,Louisiana,Hall summit,Red River Parish
71332,,,
15104,Pennsylvania,Rankin,Allegheny
89156,Nevada,Zcta 89156,Clark
28173,North carolina,Weddington,Union
44147,Ohio,Broadview height,Cuyahoga
53718,Wisconsin,Madison,Dane
53528,Wisconsin,Cross plains,Dane
85073,,,
44024,Ohio,Chardon,Geauga
61877,Illinois,Sidney,Champaign
89166,,,
44052,Ohio,Lorain,Lorain
15131,Pennsylvania,White oak,Allegheny
15068,Pennsylvania,Arnold,Westmoreland
28107,North carolina,Midland,Cabarrus
44278,Ohio,Tallmadge,Summit
85244,,,
15132,Pennsylvania,Mc keesport,Allegheny
28070,,,
15045,Pennsylvania,Glassport,Allegheny
28501,North carolina,Kinston,Lenoir
28224,,,
89160,,,
15276,,,
71691,,,
89150,,,
85005,,,
28220,,,
30101,Georgia,Acworth,Cobb
75095,,,
71386,,,
28110,North carolina,Monroe,Union
54842,Wisconsin,Hawthorne,Douglas
89085,,,
89112,,,
15112,Pennsylvania,East pittsburgh,Allegheny
53965,Wisconsin,Wisconsin dells,Columbia
95308,,,
17744,Pennsylvania,Linden,Lycoming
70170,,,
86006,,,
7912,,,
21211,Maryland,Baltimore,Baltimore city
86445,,,
28720,,,
44221,Ohio,Cuyahoga falls,Summit
15090,Pennsylvania,Wexford,Allegheny
28134,North carolina,Pineville,Mecklenburg
61801,Illinois,Urbana,Champaign
53719,Wisconsin,Madison,Dane
28262,North carolina,Charlotte,Mecklenburg
44140,Ohio,Bay village,Cuyahoga
15205,Pennsylvania,Crafton,Allegheny
28217,North carolina,Charlotte,Mecklenburg
15122,Pennsylvania,W mifflin fin,Allegheny
85297,,,
44126,Ohio,Fairview park,Cuyahoga
85392,,,
15211,Pennsylvania,Mount washington,Allegheny
44224,Ohio,Stow,Summit
44077,Ohio,Fairport harbor,Lake
44149,,,
70174,,,
71634,,,
70188,,,
53597,Wisconsin,Waunakee,Dane
44021,Ohio,Burton,Geauga
15139,Pennsylvania,Oakmont,Allegheny
15218,Pennsylvania,Swissvale,Allegheny
89124,Nevada,Las vegas,Clark
44039,Ohio,North ridgeville,Lorain
70563,Louisiana,Zcta 70563,Iberia Parish
85280,,,
29710,South carolina,Lake wylie,York
61859,Illinois,Ogden,Champaign
44101,,,
44110,Ohio,Cleveland,Cuyahoga
28246,,,
45069,Ohio,West chester,Butler
85058,,,
05440,Vermont,Alburg,Grand Isle
85070,,,
85095,,,
85069,,,
28219,,,
85046,,,
71409,Louisiana,Boyce,Rapides Parish
53518,Wisconsin,Blue river,Richland
89127,,,
73773,Oklahoma,Waukomis,Garfield
61871,Illinois,Royal,Champaign
85026,,,
28016,North carolina,Bessemer city,Gaston
70567,,,
28027,North carolina,Concord,Cabarrus
70178,,,
89183,,,
28120,North carolina,Mount holly,Gaston
89106,Nevada,Las vegas,Clark
89005,Nevada,Boulder city,Clark
15668,Pennsylvania,Murrysville,Westmoreland
15145,Pennsylvania,Turtle creek,Allegheny
70195,,,
53706,Wisconsin,Madison,Dane
73732,,,
71063,Louisiana,Pelican,De Soto Parish
15142,Pennsylvania,Presto,Allegheny
89004,Nevada,Blue diamond,Clark
85277,,,
78409,Texas,Corpus christi,Nueces
1530,,,
28223,North carolina,Charlotte,Mecklenburg
28285,,,
15018,Pennsylvania,Buena vista,Allegheny
1511,,,
46501,Indiana,Argos,Marshall
85078,,,
89116,,,
15015,Pennsylvania,Bradfordwoods,Allegheny
28037,North carolina,Denver,Lincoln
85068,,,
29732,South carolina,Rock hill,York
85380,,,
282010,,,
891118,,,
89180,,,
53783,,,
28231,,,
06618,,,
23231,Virginia,Richmond,Henrico
98145,,,
15105,,,
15282,,,
89074,,,
53705,Wisconsin,Madison,Dane
28203,North carolina,Charlotte,Mecklenburg
28213,North carolina,Charlotte,Mecklenburg
28206,North carolina,Charlotte,Mecklenburg
28056,North carolina,Gastonia,Gaston
89081,,,
70599,,,
61874,Illinois,Savoy,Champaign
89149,Nevada,Zcta 89149,Clark
89178,,,
28025,North carolina,Concord,Cabarrus
70378,,,
44256,Ohio,Medina,Medina
61822,Illinois,Champaign,Champaign
89131,Nevada,Las vegas,Clark
70736,Louisiana,Glynn,Pointe Coupee Parish
53575,Wisconsin,Oregon,Dane
53562,Wisconsin,Middleton,Dane
15212,Pennsylvania,Allegheny,Allegheny
15101,Pennsylvania,Allison park,Allegheny
73760,Oklahoma,Meno,Major
19464,Pennsylvania,Sanatoga,Montgomery
85143,,,
15123,,,
44210,,,
12923,New york,Churubusco,Clinton
70376,,,
70176,,,
61824,,,
85038,,,
44242,,,
28034,North carolina,Dallas,Gaston
85318,,,
70825,,,
89019,Nevada,Goodsprings,Clark
16051,Pennsylvania,Portersville,Butler
28299,,,
15272,,,
89018,Nevada,Indian springs,Clark
88454,,,
15076,Pennsylvania,Russellton,Allegheny
1528,,,
63376,Missouri,Saint peters,St. Charles
60191,Illinois,Wood dale,DuPage
15140,Pennsylvania,Pitcairn,Allegheny
70172,,,
73701,Oklahoma,Enid,Garfield
85071,,,
15363,Pennsylvania,Strabane,Washington
54558,Wisconsin,Saint germain,Vilas
61825,,,
89128,Nevada,Las vegas,Clark
53590,Wisconsin,Sun prairie,Dane
29708,South carolina,Zcta 29708,York
89113,Nevada,Las vegas,Clark
15201,Pennsylvania,Arsenal,Allegheny
44060,Ohio,Mentor,Lake
89123,Nevada,Las vegas,Clark
28269,North carolina,Charlotte,Mecklenburg
44130,Ohio,Midpark,Cuyahoga
15136,Pennsylvania,Mc kees rocks,Allegheny
28211,North carolina,Charlotte,Mecklenburg
44136,Ohio,Strongsville,Cuyahoga
53711,Wisconsin,Madison,Dane
28079,North carolina,Indian trail,Union
44087,Ohio,Twinsburg,Summit
71144,,,
89031,Nevada,North las vegas,Clark
15106,Pennsylvania,Carnegie,Allegheny
44044,Ohio,Grafton,Lorain
61953,Illinois,Tuscola,Douglas
85372,,,
85080,,,
89154,,,
89016,,,
53726,,,
2340000,,,
89199,,,
89039,Nevada,Cal nev ari,Clark
89157,,,
89153,,,
85287,,,
85435,,,
44313,Ohio,Akron,Summit
60007,Illinois,Elk grove villag,Cook
44096,,,
89114,,,
29031,South carolina,Carlisle,Union
15110,Pennsylvania,Duquesne,Allegheny
89050,,,
89033,,,
53788,,,
28251,,,
28127,North carolina,New london,Stanly
61843,Illinois,Fisher,Champaign
44045,,,
53725,,,
53175,,,
15437,Pennsylvania,Farmington,Fayette
27863,North carolina,Pikeville,Wayne
28130,,,
44222,,,
15342,Pennsylvania,Houston,Washington
44107,Ohio,Edgewater,Cuyahoga
19355,Pennsylvania,Frazer,Chester
44026,Ohio,Chesterland,Geauga
85209,,,
53714,Wisconsin,Madison,Dane
89152,,,
89030,Nevada,North las vegas,Clark
15216,Pennsylvania,South hills,Allegheny
70734,Louisiana,Geismar,Ascension Parish
15206,Pennsylvania,East liberty,Allegheny
44120,Ohio,Cleveland,Cuyahoga
44124,Ohio,Lyndhurst mayfie,Cuyahoga
44133,Ohio,North royalton,Cuyahoga
44111,Ohio,Cleveland,Cuyahoga
44022,Ohio,Chagrin falls,Cuyahoga
15207,Pennsylvania,Hazelwood,Allegheny
85295,,,
15232,Pennsylvania,Shadyside,Allegheny
44264,Ohio,Peninsula,Summit
28215,North carolina,Charlotte,Mecklenburg
70561,,,
53527,Wisconsin,Cottage grove,Dane
28214,North carolina,Charlotte,Mecklenburg
15044,Pennsylvania,Gibsonia,Allegheny
44067,Ohio,Northfield,Summit
44053,Ohio,Lorain,Lorain
15229,Pennsylvania,West view,Allegheny
44241,Ohio,Streetsboro,Portage
15332,Pennsylvania,Finleyville,Washington
53598,Wisconsin,Windsor,Dane
89158,,,
15025,Pennsylvania,Large,Allegheny
89111,,,
12919,New york,Champlain,Clinton
44108,Ohio,Cleveland,Cuyahoga
28115,North carolina,Mooresville,Iredell
61880,Illinois,Tolono,Champaign
89179,,,
88276,,,
12979,New york,Rouses point,Clinton
15126,Pennsylvania,Imperial,Allegheny
28032,North carolina,Cramerton,Gaston
61858,Illinois,Oakwood,Vermilion
70496,,,
71394,,,
89195,,,
85211,,,
53911,Wisconsin,Arlington,Columbia
15321,Pennsylvania,Cecil,Washington
16930,Pennsylvania,Liberty,Tioga
61847,Illinois,Gifford,Champaign
15075,Pennsylvania,Rural ridge,Allegheny
85831,,,
28274,,,
28297,,,
61956,Illinois,Villa grove,Douglas
60031,Illinois,Gurnee,Lake
44135,Ohio,Cleveland,Cuyahoga
44106,Ohio,Cleveland,Cuyahoga
15224,Pennsylvania,Bloomfield,Allegheny
44118,Ohio,Cleveland height,Cuyahoga
15235,Pennsylvania,Penn hills,Allegheny
85267,,,
85140,,,
61866,Illinois,Rantoul,Champaign
28052,North carolina,Gastonia,Gaston
28204,North carolina,Charlotte,Mecklenburg
53715,Wisconsin,Madison,Dane
73730,Oklahoma,Covington,Garfield
28216,North carolina,Charlotte,Mecklenburg
89141,Nevada,Zcta 89141,Clark
85042,,,
53532,Wisconsin,De forest,Dane
44144,Ohio,Brooklyn,Cuyahoga
15241,Pennsylvania,Upper saint clai,Allegheny
28802,,,
15221,Pennsylvania,Wilkinsburg,Allegheny
44137,Ohio,Maple heights,Cuyahoga
89086,,,
70619,,,
53572,Wisconsin,Mount horeb,Dane
70186,,,
71336,Louisiana,Gilbert,Franklin Parish
28201,,,
71069,Louisiana,Rodessa,Caddo Parish
85218,,,
15056,Pennsylvania,Leetsdale,Allegheny
70437,Louisiana,Folsom,St. Tammany Parish
73770,,,
71863,,,
15135,Pennsylvania,Boston,Allegheny
71686,,,
44055,Ohio,Lorain,Lorain
53517,Wisconsin,Blue mounds,Dane
89165,,,
61816,Illinois,Broadlands,Champaign
1531,,,
15051,Pennsylvania,Indianola,Allegheny
89013,Nevada,Goldfield,Esmeralda
85119,,,
15049,Pennsylvania,Harwick,Allegheny
85821,,,
15637,Pennsylvania,Herminie,Westmoreland
85734,,,
2100,,,
16901,Pennsylvania,Wellsboro,Tioga